{
  "lookback": 48,
  "horizon": 10,
  "status_cols": [
    "status_1",
    "status_2",
    "status_3",
    "status_4",
    "status_5",
    "status_6",
    "status_7",
    "status_8"
  ],
  "proxy_features": [
    "step",
    "hour_float",
    "is_friday",
    "hour_sin",
    "hour_cos",
    "dow_sin",
    "dow_cos",
    "target_lag_1",
    "target_lag_2",
    "target_lag_4",
    "target_lag_8",
    "target_lag_16",
    "target_lag_48",
    "target_roll_mean_4",
    "target_roll_mean_8",
    "target_roll_mean_24",
    "target_roll_mean_48",
    "target_roll_std_8",
    "target_roll_std_24",
    "target_roll_std_48",
    "target_delta_1_4",
    "target_delta_4_24",
    "status_sum_lag_1",
    "status_sum_lag_2",
    "status_sum_lag_4",
    "status_sum_lag_8",
    "status_sum_lag_24",
    "status_5_lag_1",
    "status_6_lag_1",
    "status_7_lag_1",
    "status_8_lag_1",
    "route_target_mean",
    "route_target_std",
    "route_target_median",
    "route_zero_share",
    "route_cv",
    "office_target_mean",
    "office_target_std"
  ],
  "chronos_proxy_metrics": {
    "1": {
      "mae": 5.006354243622129,
      "rmse": 9.566878202919764
    },
    "2": {
      "mae": 6.742723546063369,
      "rmse": 12.915788394757076
    },
    "3": {
      "mae": 7.727105447912113,
      "rmse": 13.963566136305744
    },
    "4": {
      "mae": 8.025558807766643,
      "rmse": 12.839745410962621
    },
    "5": {
      "mae": 7.5134542799858695,
      "rmse": 11.741083174899558
    },
    "6": {
      "mae": 7.294348268599047,
      "rmse": 11.217533882074914
    },
    "7": {
      "mae": 7.167586766732116,
      "rmse": 11.10843513507585
    },
    "8": {
      "mae": 7.1020675501293296,
      "rmse": 11.074371847965853
    },
    "9": {
      "mae": 7.133544806024316,
      "rmse": 11.300228221766895
    },
    "10": {
      "mae": 7.221667358494318,
      "rmse": 11.525173718573587
    }
  },
  "timexer_proxy_metrics": {
    "1": {
      "mae": 3.1891980741581927,
      "rmse": 5.334531723784068
    },
    "2": {
      "mae": 3.2946919824362793,
      "rmse": 5.56577193669172
    },
    "3": {
      "mae": 3.9196643825216406,
      "rmse": 6.147922512140287
    },
    "4": {
      "mae": 3.7466958527535525,
      "rmse": 5.794974037385293
    },
    "5": {
      "mae": 4.274631293263367,
      "rmse": 6.415761343160953
    },
    "6": {
      "mae": 4.511078162902481,
      "rmse": 6.837964113994794
    },
    "7": {
      "mae": 4.640881158166877,
      "rmse": 7.042299455863257
    },
    "8": {
      "mae": 4.444053484280052,
      "rmse": 6.621307583032224
    },
    "9": {
      "mae": 4.470808669190812,
      "rmse": 6.75966911352628
    },
    "10": {
      "mae": 4.779693082020482,
      "rmse": 7.2049354433534445
    }
  },
  "tft_proxy_metrics": {
    "1": {
      "mae": 9.695870792728124,
      "rmse": 17.64846840287753
    },
    "2": {
      "mae": 10.87895872071569,
      "rmse": 18.926429386938153
    },
    "3": {
      "mae": 7.5446038873919,
      "rmse": 13.402459059433093
    },
    "4": {
      "mae": 5.712338839283564,
      "rmse": 9.081546797788933
    },
    "5": {
      "mae": 5.405093678848945,
      "rmse": 8.199303409499441
    },
    "6": {
      "mae": 5.430947394277351,
      "rmse": 8.178961981500981
    },
    "7": {
      "mae": 5.507081196123803,
      "rmse": 8.358581676379968
    },
    "8": {
      "mae": 5.609789092503383,
      "rmse": 8.646047536520992
    },
    "9": {
      "mae": 5.750449260345903,
      "rmse": 9.057641794761386
    },
    "10": {
      "mae": 5.935313107736845,
      "rmse": 9.529768775370535
    }
  }
}